sample_name	chr	cnv	st_bp	ed_bp	dgv_del_overlap_any	dgv_dup_overlap_any	dgv_any_overlap_80pct
NA07357	chr20	del	1638233	1896162	32	8	0
NA11829	chr20	del	1558921	1600612	73	18	34
NA11829	chr20	dup	1638233	1896162	32	8	0
NA11830	chr20	del	1558921	1600612	73	18	34
NA11831	chr20	del	1638233	1896162	32	8	0
NA11832	chr20	del	1551406	1559401	38	10	27
NA11832	chr20	dup	1638233	1896162	32	8	0
NA11881	chr20	dup	1638233	1896162	32	8	0
NA11918	chr20	del	1638233	1896162	32	8	0
NA11995	chr20	del	1638233	1896162	32	8	0
NA12003	chr20	del	1638233	1896162	32	8	0
NA12003	chr20	dup	43926483	43933452	2	1	3
NA12003	chr20	del	61956986	61957534	1	1	2
NA12005	chr20	del	1558921	1600612	73	18	34
NA12044	chr20	dup	1638233	1896162	32	8	0
NA12144	chr20	dup	1638233	1896162	32	8	0
NA12156	chr20	dup	22562429	22563847	1	0	1
NA12234	chr20	dup	1638233	1896162	32	8	0
NA12234	chr20	del	1558921	1600612	73	18	34
NA12489	chr20	del	1638233	1896162	32	8	0
NA12762	chr20	del	1558921	1600612	73	18	34
NA12762	chr20	dup	1638233	1896162	32	8	0
NA12813	chr20	dup	1638233	1896162	32	8	0
NA12815	chr20	del	1558921	1600612	73	18	34
NA12873	chr20	dup	1514975	1517998	4	3	7
NA12878	chr20	del	1638233	1896162	32	8	0
NA18498	chr20	dup	35068153	35071214	2	0	2
NA18501	chr20	dup	11898876	11904337	0	5	6
NA18507	chr20	dup	1638233	1896162	32	8	0
NA18510	chr20	del	1895652	1902379	4	3	0
NA18519	chr20	del	21314288	21324906	0	1	0
NA18519	chr20	dup	20493122	21227225	28	10	1
NA18519	chr20	del	58467022	58475385	7	0	6
NA18519	chr20	del	37146414	37153624	1	0	1
NA18519	chr20	del	3891170	3893312	1	2	3
NA18519	chr20	dup	35736974	35796704	0	2	1
NA18519	chr20	dup	33173162	33176453	0	0	1
NA18519	chr20	dup	35555529	35559280	0	0	0
NA18519	chr20	del	6100005	6194836	18	0	0
NA18520	chr20	dup	54575724	54579261	0	0	0
NA18520	chr20	dup	44451942	44452817	2	0	2
NA18520	chr20	dup	44334462	44351123	18	0	5
NA18639	chr20	del	1638233	1896162	32	8	0
NA18639	chr20	del	23966277	23966896	6	5	11
NA18641	chr20	del	1638233	1896162	32	8	0
NA18645	chr20	del	1638233	1896162	32	8	0
NA18740	chr20	dup	1638233	1896162	32	8	0
NA18747	chr20	del	1638233	1896162	32	8	0
NA18749	chr20	del	1638233	1896162	32	8	0
NA18757	chr20	del	1638233	1896162	32	8	0
NA18853	chr20	del	1638233	1896162	32	8	0
NA18867	chr20	dup	1638233	1896162	32	8	0
NA18870	chr20	del	1638233	1896162	32	8	0
NA18874	chr20	dup	20453416	21227225	28	10	1
NA18874	chr20	del	21314288	21314663	0	1	1
NA18874	chr20	del	58467022	58467809	7	0	7
NA18874	chr20	del	5163687	5165607	0	1	1
NA18874	chr20	dup	35740667	35802578	1	2	1
NA18874	chr20	del	6100005	6194836	18	0	0
NA18874	chr20	del	62595805	62598412	19	6	7
NA18960	chr20	del	1638233	1896162	32	8	0
NA18964	chr20	dup	1895652	1902379	4	3	0
NA18965	chr20	del	60903278	60937651	17	8	13
NA18965	chr20	dup	3765531	3778452	4	1	3
NA18965	chr20	del	61938800	61944334	5	1	5
NA18965	chr20	del	35071094	35075399	2	0	2
NA18978	chr20	del	1638233	1896162	32	8	0
NA18997	chr20	del	1638233	1896162	32	8	0
NA18998	chr20	del	1638233	1896162	32	8	0
NA19005	chr20	dup	1638233	1896162	32	8	0
NA19007	chr20	del	23965805	23966896	6	5	11
NA19007	chr20	del	1638233	1896162	32	8	0
NA19092	chr20	dup	1638233	1896162	32	8	0
